Workbook

Sheet Backlog
B1: Defesa em Foco | D1: Padrão User Story | G1: Adaptador de MindMaster
B2: PBI | C2: ESTÓRIAS | D2: COMO UM | E2: EU GOSTARIA DE | F2: PARA QUE | G2: Tamanho da Estória Fibonacci (1,2,3,5..) | H2: Sprint | I2: Status
B3: 1 | C3: Cadastro de Cidadão com LGPD | D3: Cidadão | E3: criar minha conta no aplicativo aceitando os termos da LGPD | F3: poder reportar ocorrências legalmente e com segurança | G3: M | H3: 1 | I3: Entregue
B4: 2 | C4: Login no Aplicativo | D4: Usuário | E4: fazer login no aplicativo com email e senha | F4: ter acesso às funcionalidades correspondentes ao meu perfil | G4: P | H4: 1 | I4: Entregue
B5: 3 | C5: Visualização do Mapa e Marcadores | D5: Usuário | E5: visualizar um mapa interativo com geolocalização | F5: saber exatamente onde estão as ocorrências e pontos de interesse na minha cidade | G5: M | H5: 1 | I5: Entregue
B6: 4 | C6: Registro de Ocorrência (Com Foto e GPS) | D6: Cidadão | E6: registrar uma ocorrência enviando foto e minha localização atual | F6: alertar a defesa civil sobre uma emergência em tempo real | G6: G | H6: 2 | I6: Entregue
B7: 5 | C7: Sincronização Offline-First | D7: Cidadão | E7: ter meus registros salvos localmente quando eu estiver sem internet | F7: não perder a denúncia e sincronizá-la assim que a rede voltar | G7: GG | H7: 2 | I7: Entregue
B8: 6 | C8: Histórico de Ocorrências Pessoais | D8: Cidadão | E8: ver a lista das ocorrências que eu mesmo registrei | F8: acompanhar o status e o progresso das minhas solicitações | G8: M | H8: 2 | I8: Entregue
B9: 7 | C9: Painel do Coordenador (Aprovação) | D9: Administrador | E9: visualizar ocorrências pendentes para aprovar ou recusar | F9: filtrar trotes e organizar a fila de emergências reais | G9: M | H9: 3 | I9: Entregue
B10: 8 | C10: Atribuição de Agentes | D10: Administrador | E10: atribuir agentes específicos para uma ocorrência aprovada | F10: direcionar a equipe certa para o local da emergência | G10: M | H10: 3 | I10: Entregue
B11: 9 | C11: Registro de Chegada no Local | D11: Agente | E11: informar via aplicativo que cheguei ao local da ocorrência | F11: alterar o status para 'Trabalhando Atualmente' de forma transparente | G11: P | H11: 4 | I11: Entregue
B12: 10 | C12: Resolução de Ocorrência | D12: Agente | E12: marcar uma ocorrência como 'Resolvida' e adicionar um parecer | F12: finalizar o ciclo da emergência e informar aos demais usuários | G12: M | H12: 4 | I12: Entregue
B13: 11 | C13: Gestão de Pontos de Interesse (POIs) | D13: Administrador | E13: cadastrar pontos no mapa como abrigos e pontos de coleta | F13: orientar a população sobre infraestruturas seguras durante um desastre | G13: M | H13: 4 | I13: Entregue
B14: 12 | C14: Edição de Dados de Emergência | D14: Administrador | E14: editar as coordenadas ou fotos de uma ocorrência existente | F14: corrigir informações imprecisas enviadas por cidadãos desesperados | G14: M | H14: 4 | I14: Entregue
... B21: 19 | C21: Validações de Segurança Backend | D21: Sistema | E21: forçar senhas seguras, CORS restrito, sanitizar inputs contra XSS e isolar consultas | F21: garantir a segurança e integridade de todo o ecossistema | G21: G | H21: 6 | I21: Entregue
B22: 20
B23: 21
B24: 22
B25: 23
B26: 24
B27: 25
B28: 26
B29: 27
B30: 28
B31: 29
B32: 30
B33: 31
... B52: 50

Sheet Sprint Backlog 01
C1: SPRINT BACKLOG | I1: KANBAN
C2: Defesa em Foco | H2: A fazer | I2: Em Andamento | J2: Pronto
B3: PBI | C3: ESTÓRIA (preenchimento automático) | D3: TAREFA | E3: Pontos da Estória (preenchimento automático)
B4: 1 | C4: =IF(B4="","",VLOOKUP(B4,Backlog!$B$3:$G$52,2,FALSE())) -> Cadastro de Cidadão com LGPD | E4: =IF(B4="","",VLOOKUP(B4,Backlog!$B$3:$G$52,6,FALSE())) -> M
B5: 2 | C5: =IF(B5="","",VLOOKUP(B5,Backlog!$B$3:$G$52,2,FALSE())) -> Login no Aplicativo | E5: =IF(B5="","",VLOOKUP(B5,Backlog!$B$3:$G$52,6,FALSE())) -> P
B6: 3 | C6: =IF(B6="","",VLOOKUP(B6,Backlog!$B$3:$G$52,2,FALSE())) -> Visualização do Mapa e Marcadores | E6: =IF(B6="","",VLOOKUP(B6,Backlog!$B$3:$G$52,6,FALSE())) -> M
C7: =IF(B7="","",VLOOKUP(B7,Backlog!$B$3:$G$52,2,FALSE())) | E7: =IF(B7="","",VLOOKUP(B7,Backlog!$B$3:$G$52,6,FALSE()))
C8: =IF(B8="","",VLOOKUP(B8,Backlog!$B$3:$G$52,2,FALSE())) | E8: =IF(B8="","",VLOOKUP(B8,Backlog!$B$3:$G$52,6,FALSE()))
C9: =IF(B9="","",VLOOKUP(B9,Backlog!$B$3:$G$52,2,FALSE())) | E9: =IF(B9="","",VLOOKUP(B9,Backlog!$B$3:$G$52,6,FALSE()))
C10: =IF(B10="","",VLOOKUP(B10,Backlog!$B$3:$G$52,2,FALSE())) | E10: =IF(B10="","",VLOOKUP(B10,Backlog!$B$3:$G$52,6,FALSE()))
C11: =IF(B11="","",VLOOKUP(B11,Backlog!$B$3:$G$52,2,FALSE())) | E11: =IF(B11="","",VLOOKUP(B11,Backlog!$B$3:$G$52,6,FALSE()))
C12: =IF(B12="","",VLOOKUP(B12,Backlog!$B$3:$G$52,2,FALSE())) | E12: =IF(B12="","",VLOOKUP(B12,Backlog!$B$3:$G$52,6,FALSE()))
C13: =IF(B13="","",VLOOKUP(B13,Backlog!$B$3:$G$52,2,FALSE())) | E13: =IF(B13="","",VLOOKUP(B13,Backlog!$B$3:$G$52,6,FALSE()))
C14: =IF(B14="","",VLOOKUP(B14,Backlog!$B$3:$G$52,2,FALSE())) | E14: =IF(B14="","",VLOOKUP(B14,Backlog!$B$3:$G$52,6,FALSE()))
C15: =IF(B15="","",VLOOKUP(B15,Backlog!$B$3:$G$52,2,FALSE())) | E15: =IF(B15="","",VLOOKUP(B15,Backlog!$B$3:$G$52,6,FALSE()))
C16: =IF(B16="","",VLOOKUP(B16,Backlog!$B$3:$G$52,2,FALSE())) | E16: =IF(B16="","",VLOOKUP(B16,Backlog!$B$3:$G$52,6,FALSE()))
C17: =IF(B17="","",VLOOKUP(B17,Backlog!$B$3:$G$52,2,FALSE())) | E17: =IF(B17="","",VLOOKUP(B17,Backlog!$B$3:$G$52,6,FALSE()))
C18: =IF(B18="","",VLOOKUP(B18,Backlog!$B$3:$G$52,2,FALSE())) | E18: =IF(B18="","",VLOOKUP(B18,Backlog!$B$3:$G$52,6,FALSE()))
... C23: =IF(B23="","",VLOOKUP(B23,Backlog!$B$3:$G$52,2,FALSE())) | E23: =IF(B23="","",VLOOKUP(B23,Backlog!$B$3:$G$52,6,FALSE()))

Sheet Sprint Review
B1: Defesa em Foco | D1: SPRINT REVIEW
B2: # SPRINT | C2: PBI | D2: ESTÓRIA (prenchimento automático) | E2: Aprovada | F2: Obs
B3: 1 | C3: 1 | D3: =IF(C3="","",VLOOKUP(C3,Backlog!$B$3:$G$52,2,FALSE())) -> Cadastro de Cidadão com LGPD | E3: Sim | F3: Entregue na versão definitiva
B4: 1 | C4: 2 | D4: =IF(C4="","",VLOOKUP(C4,Backlog!$B$3:$G$52,2,FALSE())) -> Login no Aplicativo | E4: Sim | F4: Entregue na versão definitiva
B5: 1 | C5: 3 | D5: =IF(C5="","",VLOOKUP(C5,Backlog!$B$3:$G$52,2,FALSE())) -> Visualização do Mapa e Marcadores | E5: Sim | F5: Entregue na versão definitiva
B6: 2 | C6: 4 | D6: =IF(C6="","",VLOOKUP(C6,Backlog!$B$3:$G$52,2,FALSE())) -> Registro de Ocorrência (Com Foto e GPS) | E6: Sim | F6: Entregue na versão definitiva
B7: 2 | C7: 5 | D7: =IF(C7="","",VLOOKUP(C7,Backlog!$B$3:$G$52,2,FALSE())) -> Sincronização Offline-First | E7: Sim | F7: Entregue na versão definitiva
B8: 2 | C8: 6 | D8: =IF(C8="","",VLOOKUP(C8,Backlog!$B$3:$G$52,2,FALSE())) -> Histórico de Ocorrências Pessoais | E8: Sim | F8: Entregue na versão definitiva
B9: 3 | C9: 7 | D9: =IF(C9="","",VLOOKUP(C9,Backlog!$B$3:$G$52,2,FALSE())) -> Painel do Coordenador (Aprovação) | E9: Sim | F9: Entregue na versão definitiva
B10: 3 | C10: 8 | D10: =IF(C10="","",VLOOKUP(C10,Backlog!$B$3:$G$52,2,FALSE())) -> Atribuição de Agentes | E10: Sim | F10: Entregue na versão definitiva
B11: 4 | C11: 9 | D11: =IF(C11="","",VLOOKUP(C11,Backlog!$B$3:$G$52,2,FALSE())) -> Registro de Chegada no Local | E11: Sim | F11: Entregue na versão definitiva
B12: 4 | C12: 10 | D12: =IF(C12="","",VLOOKUP(C12,Backlog!$B$3:$G$52,2,FALSE())) -> Resolução de Ocorrência | E12: Sim | F12: Entregue na versão definitiva
B13: 4 | C13: 11 | D13: =IF(C13="","",VLOOKUP(C13,Backlog!$B$3:$G$52,2,FALSE())) -> Gestão de Pontos de Interesse (POIs) | E13: Sim | F13: Entregue na versão definitiva
B14: 4 | C14: 12 | D14: =IF(C14="","",VLOOKUP(C14,Backlog!$B$3:$G$52,2,FALSE())) -> Edição de Dados de Emergência | E14: Sim | F14: Entregue na versão definitiva
... B21: 6 | C21: 19 | D21: =IF(C21="","",VLOOKUP(C21,Backlog!$B$3:$G$52,2,FALSE())) -> Validações de Segurança Backend | E21: Sim | F21: Entregue na versão definitiva

Sheet Sprint Retrospect
B1: Defesa em Foco | C1: RETROSPECTIVA
B2: # Sprint | C2: o que foi bem | D2: O que pode melhorar | E2: Plano de Ação
B3: 1 | C3: Implementação bem-sucedida do cadastro com LGPD, login de usuários e mapa interativo inicial. | D3: Primeira integração de mapas. | E3: Iniciar desenvolvimento da persistência local e suporte offline.
B4: 2 | C4: Conclusão do mecanismo offline-first, sincronização assíncrona robusta e registro de ocorrências. | D4: Uso de mídias pesadas na rede celular. | E4: Estruturar lógica de painéis operacionais no backend.
B5: 3 | C5: Desenvolvimento do painel do coordenador completo para aprovação de ocorrências e atribuição de agentes. | D5: Gerenciamento de filas operacionais. | E5: Integrar controle de fluxo de chegada de agentes no local da ocorrência.
B6: 4 | C6: Implementação do status de 'Trabalhando Atualmente', resoluções de ocorrências e gestão de POIs no mapa. | D6: Validação de geocodificação no mobile. | E6: Iniciar configuração de alertas push em tempo real.
B7: 5 | C7: Sucesso na integração com OneSignal para notificações push e filtragem/isolamento completo por cidade. | D7: Desempenho de busca regional. | E7: Conduzir auditoria de segurança do backend e integrar monetização sustentável.
B8: 6 | C8: Monetização AdMob totalmente integrada (anúncios apenas para deslogados), isolamento municipal estrito de POIs e backend blindado contra brechas de segurança. | D8: Polimento final e homologação. | E8: Geração de artefatos finais e empacotamento da versão definitiva.
B9: 7
B10: 8
B11: 9
B12: 10
B13: 11
B14: 12
B15: 13
